{
  "financial_items": {
    "Revenue": -178200000.0,
    "Cost of Goods Sold": -178200000.0,
    "Gross Profit": 532850000.0,
    "Operating Income": 367275000.0,
    "Net Income": 270075000.0,
    "Cash and Equivalents": 206550000.0,
    "Inventory": 134600000.0,
    "Total Assets": 2020075000.0,
    "Current Assets": 22900000.0,
    "Short Term Debt": 50000000.0,
    "Long Term Debt": 410000000.0,
    "Total Liabilities": 1923877000.0,
    "Current Liabilities": 35125000.0,
    "Equity": 1923877000.0
  },
  "numbers_found": [
    31000.0,
    2024000.0,
    1245300000.0,
    -712450000.0,
    532850000.0,
    -45200000.0,
    -120375000.0,
    367275000.0,
    3450000.0,
    -12800000.0,
    357925000.0,
    -87850000.0,
    270075000.0,
    31000.0,
    102450000.0,
    48300000.0,
    210125000.0,
    134600000.0,
    12700000.0,
    508175000.0,
    1150300000.0,
    320450000.0,
    18250000.0,
    22900000.0,
    2020075000.0,
    145400000.0,
    62350000.0,
    25000000.0,
    232750000.0,
    410000000.0,
    28500000.0,
    35125000.0,
    706375000.0,
    10.0,
    200000000.0,
    2000.0,
    540000000.0,
    680500000.0,
    -3000000.0,
    1217502000.0,
    1923877000.0,
    -1000.0,
    -2000.0,
    30000.0,
    2024000.0,
    312500000.0,
    3000.0,
    2024000.0,
    -178200000.0,
    2024000.0,
    295000000.0,
    2024000.0,
    88450000.0,
    206550000.0,
    50000000.0,
    375000000.0
  ],
  "ratios": {
    "gross_margin": -2.990179573512907,
    "operating_margin": -2.061026936026936,
    "net_margin": -1.5155723905723906,
    "current_ratio": 0.6519572953736655,
    "debt_to_equity": 1.0,
    "roe": 0.14038059605681652,
    "roa": 0.13369553110651833
  },
  "flags": [
    "Current ratio < 1 \u2014 potential short-term liquidity concern"
  ]
}